# Host: 127.0.0.1  (Version: 5.1.32-community)
# Date: 2015-04-26 22:25:10
# Generator: MySQL-Front 5.3  (Build 4.156)

/*!40101 SET NAMES utf8 */;

#
# Structure for table "lostitem"
#

DROP TABLE IF EXISTS `lostitem`;
CREATE TABLE `lostitem` (
  `Id` int(11) NOT NULL AUTO_INCREMENT,
  `title` varchar(80) COLLATE utf8_unicode_ci DEFAULT NULL COMMENT '标题',
  `ptime` varchar(40) CHARACTER SET utf8 DEFAULT NULL COMMENT '发布时间',
  `ltime` varchar(40) CHARACTER SET utf8 DEFAULT NULL COMMENT '丢失东西的时间',
  `description` varchar(255) CHARACTER SET utf8 DEFAULT NULL COMMENT '物品详细描述',
  `type` varchar(40) CHARACTER SET utf8 DEFAULT NULL COMMENT '自定义的物品种类',
  `llabel` varchar(40) CHARACTER SET utf8 DEFAULT NULL COMMENT '选择性的地点标签',
  `ilabel` varchar(40) CHARACTER SET utf8 DEFAULT NULL COMMENT '选择性的物品标签',
  `location` varchar(80) CHARACTER SET utf8 DEFAULT NULL COMMENT '丢失地点',
  `contact` varchar(80) COLLATE utf8_unicode_ci DEFAULT NULL COMMENT '联系方式',
  `pic` varchar(180) COLLATE utf8_unicode_ci DEFAULT NULL COMMENT '图片',
  `reply` int(11) DEFAULT NULL COMMENT '回复的数量',
  `found` int(11) DEFAULT NULL COMMENT '1-找回，0-还未',
  `userid` int(11) DEFAULT NULL COMMENT '发布者id',
  `lost` int(3) DEFAULT NULL COMMENT '1-丢失的物品，0-找到的物品',
  PRIMARY KEY (`Id`)
) ENGINE=InnoDB AUTO_INCREMENT=222 DEFAULT CHARSET=utf8 COLLATE=utf8_unicode_ci;

#
# Data for table "lostitem"
#

INSERT INTO `lostitem` VALUES (181,'找到东西标题0','发布时间0','丢失时间0','详情描述0','自定义类型0','地点标签','物品标签','地点0','练习人0','/image/1.jpg',0,1,1,0),(182,'找到东西标题1','发布时间1','丢失时间1','详情描述1','自定义类型1','地点标签','物品标签','地点1','练习人1','/image/1.jpg',0,1,1,1),(183,'找到东西标题2','发布时间2','丢失时间2','详情描述2','自定义类型2','地点标签','物品标签','地点2','练习人2','/image/1.jpg',0,1,1,0),(184,'找到东西标题3','发布时间3','丢失时间3','详情描述3','自定义类型3','地点标签','物品标签','地点3','练习人3','/image/1.jpg',0,1,1,1),(185,'找到东西标题4','发布时间4','丢失时间4','详情描述4','自定义类型4','地点标签','物品标签','地点4','练习人4','/image/1.jpg',0,1,1,0),(186,'找到东西标题5','发布时间5','丢失时间5','详情描述5','自定义类型5','地点标签','物品标签','地点5','练习人5','/image/1.jpg',0,1,1,1),(187,'找到东西标题6','发布时间6','丢失时间6','详情描述6','自定义类型6','地点标签','物品标签','地点6','练习人6','/image/1.jpg',0,1,1,0),(188,'找到东西标题7','发布时间7','丢失时间7','详情描述7','自定义类型7','地点标签','物品标签','地点7','练习人7','/image/1.jpg',0,1,1,1),(189,'找到东西标题8','发布时间8','丢失时间8','详情描述8','自定义类型8','地点标签','物品标签','地点8','练习人8','/image/1.jpg',0,1,1,0),(190,'找到东西标题9','发布时间9','丢失时间9','详情描述9','自定义类型9','地点标签','物品标签','地点9','练习人9','/image/1.jpg',0,1,1,1),(191,'找到东西标题10','发布时间10','丢失时间10','详情描述10','自定义类型10','地点标签','物品标签','地点10','练习人10','/image/1.jpg',0,1,1,0),(192,'找到东西标题11','发布时间11','丢失时间11','详情描述11','自定义类型11','地点标签','物品标签','地点11','练习人11','/image/1.jpg',0,1,1,1),(193,'找到东西标题12','发布时间12','丢失时间12','详情描述12','自定义类型12','地点标签','物品标签','地点12','练习人12','/image/1.jpg',0,1,1,0),(194,'找到东西标题13','发布时间13','丢失时间13','详情描述13','自定义类型13','地点标签','物品标签','地点13','练习人13','/image/1.jpg',0,1,1,1),(195,'找到东西标题14','发布时间14','丢失时间14','详情描述14','自定义类型14','地点标签','物品标签','地点14','练习人14','/image/1.jpg',0,1,1,0),(196,'找到东西标题15','发布时间15','丢失时间15','详情描述15','自定义类型15','地点标签','物品标签','地点15','练习人15','/image/1.jpg',0,1,1,1),(197,'找到东西标题16','发布时间16','丢失时间16','详情描述16','自定义类型16','地点标签','物品标签','地点16','练习人16','/image/1.jpg',0,1,1,0),(198,'找到东西标题17','发布时间17','丢失时间17','详情描述17','自定义类型17','地点标签','物品标签','地点17','练习人17','/image/1.jpg',0,1,1,1),(199,'找到东西标题18','发布时间18','丢失时间18','详情描述18','自定义类型18','地点标签','物品标签','地点18','练习人18','/image/1.jpg',0,1,1,0),(200,'找到东西标题19','发布时间19','丢失时间19','详情描述19','自定义类型19','地点标签','物品标签','地点19','练习人19','/image/1.jpg',0,1,1,1),(201,'找到东西标题20','发布时间20','丢失时间20','详情描述20','自定义类型20','地点标签','物品标签','地点20','练习人20','/image/1.jpg',0,1,1,0),(202,'找到东西标题21','发布时间21','丢失时间21','详情描述21','自定义类型21','地点标签','物品标签','地点21','练习人21','/image/1.jpg',0,1,1,1),(203,'找到东西标题22','发布时间22','丢失时间22','详情描述22','自定义类型22','地点标签','物品标签','地点22','练习人22','/image/1.jpg',0,1,1,0),(204,'找到东西标题23','发布时间23','丢失时间23','详情描述23','自定义类型23','地点标签','物品标签','地点23','练习人23','/image/1.jpg',0,1,1,1),(205,'找到东西标题24','发布时间24','丢失时间24','详情描述24','自定义类型24','地点标签','物品标签','地点24','练习人24','/image/1.jpg',0,1,1,0),(206,'找到东西标题25','发布时间25','丢失时间25','详情描述25','自定义类型25','地点标签','物品标签','地点25','练习人25','/image/1.jpg',0,1,1,1),(207,'找到东西标题26','发布时间26','丢失时间26','详情描述26','自定义类型26','地点标签','物品标签','地点26','练习人26','/image/1.jpg',0,1,1,0),(208,'找到东西标题27','发布时间27','丢失时间27','详情描述27','自定义类型27','地点标签','物品标签','地点27','练习人27','/image/1.jpg',0,1,1,1),(209,'找到东西标题28','发布时间28','丢失时间28','详情描述28','自定义类型28','地点标签','物品标签','地点28','练习人28','/image/1.jpg',0,1,1,0),(210,'找到东西标题29','发布时间29','丢失时间29','详情描述29','自定义类型29','地点标签','物品标签','地点29','练习人29','/image/1.jpg',0,1,1,1),(211,'今天在东区遗失一串钥匙','','2015.6.2下午','上面有个挂坠','钥匙','东区','钥匙','东区饭堂附近','634660王浩明','/image/142735236215015.jpg',0,0,1,1),(212,'捡到了一个钱包','','2015.3.5','里面有很多银行卡','钱包','南区','钱包','南7楼梯','634660王浩明','/image/142735242239942.jpg',0,0,1,0),(213,'今天在中区饭堂附近遗失了一串钥匙','','2015.3.5中午','上面有个挂坠','钥匙','中区','钥匙','中区饭堂','634660*（王浩明）','/image/142736937240584.jpg,/image/142736937248164.jpg',0,0,1,1),(214,'东西不见了1111','','今天下午','额呵呵呵呵','东西','锡科','书本','南区饭堂','634660','/image/142737744850489.jpg,/image/142737744851180.jpg,/image/142737744851567.jpg,/image/142737744851610.jpg,/image/142737744854748.jpg,/image/142737744854991.jpg',0,0,1,1),(215,'拒绝咯','','8080','来了来了林佳','条件','中区','银行卡','看脸',NULL,'/image/142875430714139.jpg,/image/142875430716133.jpg',0,0,1,1),(216,'不见了','','拒绝咯','吐吐经理','哈哈','锡科','书本','拒绝咯',NULL,'/image/142875436760447.jpg,/image/142875436760993.jpg',0,0,1,0),(217,'Hsbd','','Hzbx','Bzbxb','Bbd','何侨生大楼','书本','Hhs','Xbx','/image/142880771813965.jpg',0,0,1,1),(218,'求扩散！今天在南区饭堂丢失钱包','','今天早上','里面有俩张银行卡，还有100多快现金，还有一张照片  对我很重要，求捡到的人尽快归还给我  重金答谢','钱包','南区','钱包','南区饭堂','634660王浩明','/image/qianbao.jpg',0,0,1,1),(219,'今天田师上课捡到一个u盘','','早上一二节左右','金士顿的，里面有一些高数复习资料，银色的外壳','U盘','田师','其他','田师101','634660王小明','/image/upan.jpg',0,0,1,0),(220,'asd','','asd','撒旦啊是','asd','南区','鼠标','asd','asd','/image/14300051245378.jpg',0,0,104,1),(221,'一个红色水瓶','','昨天','一个红色水瓶','水瓶','南区','钱包','饭堂','141144114','/image/143003969032622.jpg',0,0,105,1);

#
# Structure for table "news"
#

DROP TABLE IF EXISTS `news`;
CREATE TABLE `news` (
  `Id` int(11) NOT NULL AUTO_INCREMENT,
  `title` varchar(140) NOT NULL DEFAULT '新闻标题',
  `body` varchar(255) DEFAULT NULL,
  `data` varchar(400) DEFAULT NULL,
  `type` int(11) DEFAULT '0',
  `picurl` varchar(255) DEFAULT '/image/3.jpg',
  `url` varchar(255) DEFAULT NULL,
  PRIMARY KEY (`Id`)
) ENGINE=InnoDB AUTO_INCREMENT=74 DEFAULT CHARSET=utf8;

#
# Data for table "news"
#

INSERT INTO `news` VALUES (3,'asdsadsadsadsadsa','asdasdsadsadsadsadsadasd','2015.1.1',0,'/image/3.jpg',NULL),(4,'asdsadsadsadsadsa','asdasdsadsadsadsadsadasd','2015.1.1',0,'/image/3.jpg',NULL),(5,'新闻标题','dfssss','2015.5.5',0,'/image/3.jpg',NULL),(6,'新闻标题','啊盛大盛大速度撒大叔大叔的撒大事','2015.5.5',0,'/image/3.jpg',NULL),(9,'新闻标题','23232','23',2,'/image/3.jpg',NULL),(10,'56565','5656','5656',0,'/image/3.jpg',NULL),(11,'213123','123','123',0,'/image/3.jpg',NULL),(12,'新闻标题','123','23',0,'/image/3.jpg',NULL),(13,'345435','43532','345435',0,'/image/3.jpg',NULL),(14,'新闻标题','435435','345435',0,'/image/3.jpg',NULL),(15,'新闻标题0','新闻实体0','时间0',0,'s','a'),(16,'新闻标题1','新闻实体1','时间1',0,'s','a'),(17,'新闻标题2','新闻实体2','时间2',0,'s','a'),(18,'新闻标题3','新闻实体3','时间3',0,'s','a'),(65,'“广东汉剧进校园”活动在我校举行','4月10日晚，广东汉剧进校园暨教学实践演出及第二届南国牡丹摄影、征文活动颁奖在德龙会堂举行。','2015-04-13',2,'/image/news1.jpg',NULL),(68,'我校召开学校章程建设工作专题辅导会','为更好推进我校章程建设的各项工作，提高章程制定质量，4月10日下午，我校特邀省教育厅法规处张耀荣调研员在宇新楼403会议室作有关“高校章程建设若干问题”的报告。','2015-04-13',2,'/image/news2.jpg',NULL),(69,'平远县组队来校招聘毕业生','4月3日下午，应邱国锋校长的专门邀请，平远县县长刘许川率平远县人社局、教育局、体育局等部门组队到我校举行了一场以“赛场”为”考场”的招聘会','2015-04-08  ',0,'/image/3.jpg',NULL),(70,'曾智明等侨领率香港青年来校交流访问','4月4日，全国政协委员、梅港青年交流促进会首席名誉会长、梅州市青联副主席曾智明先生，梅港青年交流促进会荣誉会长林菁菁、会长侯军、主席巫辰冬等率100多位香港青年来我校交流访问。','2015-04-07  ',1,'/image/news3.jpg',NULL),(71,'学校召开“求真之路”座谈会','会后，参会人员在校训前合影留念，并参观了校园环境。\r\n会后，参会人员在校训前合影留念，并参观了校园环境。\r\n','2015-04-07 ',1,'/image/news4.jpg',NULL),(73,'梅州市人民政府李远青副市长一行来校调研','会后，参会人员在校训前合影留念，并参观了校园环境','2015-04-03  ',1,'/image/news5.jpg',NULL);

#
# Structure for table "repair"
#

DROP TABLE IF EXISTS `repair`;
CREATE TABLE `repair` (
  `Id` int(11) NOT NULL AUTO_INCREMENT,
  `userid` int(11) DEFAULT NULL,
  `dorm` varchar(120) CHARACTER SET utf8 DEFAULT NULL COMMENT '宿舍号码',
  `detail` varchar(255) CHARACTER SET utf8 DEFAULT NULL COMMENT '详情描述',
  `contact` varchar(80) CHARACTER SET utf8 DEFAULT NULL COMMENT '联系方式',
  PRIMARY KEY (`Id`)
) ENGINE=InnoDB AUTO_INCREMENT=60 DEFAULT CHARSET=utf8 COLLATE=utf8_unicode_ci;

#
# Data for table "repair"
#

INSERT INTO `repair` VALUES (2,1,'宿舍号码0','维修详情0','联系人(联系电话)0'),(3,1,'宿舍号码1','维修详情1','联系人(联系电话)1'),(4,1,'宿舍号码2','维修详情2','联系人(联系电话)2'),(5,1,'宿舍号码3','维修详情3','联系人(联系电话)3'),(6,1,'宿舍号码4','维修详情4','联系人(联系电话)4'),(7,1,'宿舍号码5','维修详情5','联系人(联系电话)5'),(8,1,'宿舍号码6','维修详情6','联系人(联系电话)6'),(9,1,'宿舍号码7','维修详情7','联系人(联系电话)7'),(10,1,'宿舍号码8','维修详情8','联系人(联系电话)8'),(11,1,'宿舍号码9','维修详情9','联系人(联系电话)9'),(12,1,'宿舍号码10','维修详情10','联系人(联系电话)10'),(13,1,'宿舍号码11','维修详情11','联系人(联系电话)11'),(14,1,'宿舍号码12','维修详情12','联系人(联系电话)12'),(15,1,'宿舍号码13','维修详情13','联系人(联系电话)13'),(16,1,'宿舍号码14','维修详情14','联系人(联系电话)14'),(17,1,'宿舍号码15','维修详情15','联系人(联系电话)15'),(18,1,'宿舍号码16','维修详情16','联系人(联系电话)16'),(19,1,'宿舍号码17','维修详情17','联系人(联系电话)17'),(20,1,'宿舍号码18','维修详情18','联系人(联系电话)18'),(21,1,'宿舍号码19','维修详情19','联系人(联系电话)19'),(22,1,'宿舍号码20','维修详情20','联系人(联系电话)20'),(23,1,'宿舍号码21','维修详情21','联系人(联系电话)21'),(24,1,'宿舍号码22','维修详情22','联系人(联系电话)22'),(25,1,'宿舍号码23','维修详情23','联系人(联系电话)23'),(26,1,'宿舍号码24','维修详情24','联系人(联系电话)24'),(27,1,'宿舍号码25','维修详情25','联系人(联系电话)25'),(28,1,'宿舍号码26','维修详情26','联系人(联系电话)26'),(29,1,'宿舍号码27','维修详情27','联系人(联系电话)27'),(30,1,'宿舍号码28','维修详情28','联系人(联系电话)28'),(31,1,'宿舍号码29','维修详情29','联系人(联系电话)29'),(32,1,'宿舍号码30','维修详情30','联系人(联系电话)30'),(33,1,'宿舍号码31','维修详情31','联系人(联系电话)31'),(34,1,'宿舍号码32','维修详情32','联系人(联系电话)32'),(35,1,'宿舍号码33','维修详情33','联系人(联系电话)33'),(36,1,'宿舍号码34','维修详情34','联系人(联系电话)34'),(37,1,'宿舍号码35','维修详情35','联系人(联系电话)35'),(38,1,'宿舍号码36','维修详情36','联系人(联系电话)36'),(39,1,'宿舍号码37','维修详情37','联系人(联系电话)37'),(40,1,'宿舍号码38','维修详情38','联系人(联系电话)38'),(41,1,'宿舍号码39','维修详情39','联系人(联系电话)39'),(42,1,'宿舍号码40','维修详情40','联系人(联系电话)40'),(43,1,'宿舍号码41','维修详情41','联系人(联系电话)41'),(44,1,'宿舍号码42','维修详情42','联系人(联系电话)42'),(45,1,'宿舍号码43','维修详情43','联系人(联系电话)43'),(46,1,'宿舍号码44','维修详情44','联系人(联系电话)44'),(47,1,'宿舍号码45','维修详情45','联系人(联系电话)45'),(48,1,'宿舍号码46','维修详情46','联系人(联系电话)46'),(49,1,'宿舍号码47','维修详情47','联系人(联系电话)47'),(50,1,'宿舍号码48','维修详情48','联系人(联系电话)48'),(51,1,'宿舍号码49','维修详情49','联系人(联系电话)49'),(52,1,'是','给','是'),(53,1,'啊','反','啊'),(54,1,'啊','反','啊'),(55,1,'','',''),(56,65,'a','b','c'),(57,65,'a','b','c'),(58,65,'a','b','c'),(59,1,'asdsad','asdasdsadsad','asdsad');

#
# Structure for table "secondhand"
#

DROP TABLE IF EXISTS `secondhand`;
CREATE TABLE `secondhand` (
  `Id` int(11) NOT NULL AUTO_INCREMENT,
  `userid` int(11) DEFAULT NULL COMMENT '发布的用户id',
  `title` varchar(80) CHARACTER SET utf8 DEFAULT NULL COMMENT '标题',
  `pic` varchar(255) CHARACTER SET utf8 DEFAULT '' COMMENT '图片地址',
  `data` varchar(80) CHARACTER SET utf8 DEFAULT NULL COMMENT '发布时间',
  `description` varchar(255) CHARACTER SET utf8 DEFAULT NULL COMMENT '商品具体描述',
  `price` varchar(11) CHARACTER SET utf8 DEFAULT NULL COMMENT '价格',
  `label` varchar(120) CHARACTER SET utf8 DEFAULT NULL,
  PRIMARY KEY (`Id`)
) ENGINE=InnoDB AUTO_INCREMENT=37 DEFAULT CHARSET=utf8 COLLATE=utf8_unicode_ci;

#
# Data for table "secondhand"
#

INSERT INTO `secondhand` VALUES (29,1,'出售二手单车一辆，去年刚买的','/image/142776875666645.jpg,/image/142776875667971.jpg','2015-03-31 10:24:24','去年刚买的，由于要毕业了，火车托运太贵，想转手','52','自行车'),(31,1,'出售嘉大明信片一套','/image/142776904725064.jpg','2015-03-31 10:29:14','一套有12张，每张都是手绘的','12','其他'),(32,1,'出售舍友一枚','/image/142840210468118.jpg','2015-04-07 18:21:37','很nice哦这个人','1','其他'),(33,1,'出售百岁山门票一张','/image/142848496099245.jpg,/image/142848496099685.jpg,/image/142848496100081.jpg,/image/142848496104019.jpg','2015-04-08 17:22:27','抽奖得到的  自己没时间去','12','其他'),(34,1,'来了来了','/image/14287544053689.jpg,/image/142875440537437.jpg','2015-04-11 20:12:52','鸡鸡鸡鸡鸡鸡鸡','54','自行车'),(35,1,'出售书一本！计算机网络','/image/142905974744744.jpg','2015-04-15 09:01:33','大一用的，现在想卖了，基本是全新的','12','书本'),(36,1,'二手自行车一部，9成新','/image/142905987489063.jpg','2015-04-15 09:03:41','去年买的，今年买了摩托，单车放宿舍没怎么骑，当时买了750，现在400卖了','400','自行车');

#
# Structure for table "secondhandplayer"
#

DROP TABLE IF EXISTS `secondhandplayer`;
CREATE TABLE `secondhandplayer` (
  `Id` int(11) NOT NULL AUTO_INCREMENT,
  `shid` int(11) DEFAULT NULL COMMENT '二手货id',
  `uid` varchar(255) DEFAULT NULL COMMENT '留言者的id',
  PRIMARY KEY (`Id`)
) ENGINE=InnoDB AUTO_INCREMENT=4 DEFAULT CHARSET=utf8;

#
# Data for table "secondhandplayer"
#

INSERT INTO `secondhandplayer` VALUES (1,34,'1'),(2,34,'102'),(3,36,'104');

#
# Structure for table "social"
#

DROP TABLE IF EXISTS `social`;
CREATE TABLE `social` (
  `Id` int(11) NOT NULL AUTO_INCREMENT,
  `userid` int(11) NOT NULL DEFAULT '1' COMMENT '发表人的id',
  `title` varchar(120) DEFAULT '活动标题',
  `time` varchar(40) DEFAULT NULL COMMENT '活动时间',
  `location` varchar(80) DEFAULT '图书馆隔壁',
  `contact` varchar(120) DEFAULT '林小明(13512121245)',
  `description` varchar(255) DEFAULT '活动详情',
  `stype` int(11) DEFAULT '1' COMMENT '1-社团  2-个人',
  `issignup` int(11) DEFAULT '1' COMMENT '1-需要报名  2-不需报名',
  `ischecked` int(11) DEFAULT '1' COMMENT '审核',
  `need` varchar(20) DEFAULT NULL COMMENT '需要人数',
  `signup` int(11) DEFAULT '0' COMMENT '已报名的人数',
  `pic` varchar(120) DEFAULT 'a' COMMENT '活动显示的图片',
  `name` varchar(40) DEFAULT NULL COMMENT '发布者名称',
  PRIMARY KEY (`Id`)
) ENGINE=InnoDB AUTO_INCREMENT=174 DEFAULT CHARSET=utf8;

#
# Data for table "social"
#

INSERT INTO `social` VALUES (92,2,'标题0','2015.3.8-2015.3.9','地点0','6346600','局具体描述0',2,1,1,'50',1,'/image/1.jpg','名称0'),(93,1,'标题1','2015.3.8-2015.3.9','地点1','6346601','局具体描述1',1,1,1,'50',1,'/image/2.jpg','名称1'),(94,1,'标题2','2015.3.8-2015.3.9','地点2','6346602','局具体描述2',1,1,1,'50',1,'/image/3.jpg','名称2'),(95,1,'标题3','2015.3.8-2015.3.9','地点3','6346603','局具体描述3',1,1,1,'50',1,'/image/4.jpg','名称3'),(96,1,'标题4','2015.3.8-2015.3.9','地点4','6346604','局具体描述4',1,1,1,'50',1,'/image/5.jpg','名称4'),(97,1,'标题5','2015.3.8-2015.3.9','地点5','6346605','局具体描述5',1,1,1,'50',1,'/image/1.jpg','名称5'),(98,1,'标题6','2015.3.8-2015.3.9','地点6','6346606','局具体描述6',1,1,1,'50',1,'/image/2.jpg','名称6'),(99,1,'标题7','2015.3.8-2015.3.9','地点7','6346607','局具体描述7',1,1,1,'50',1,'/image/3.jpg','名称7'),(100,1,'标题8','2015.3.8-2015.3.9','地点8','6346608','局具体描述8',1,1,1,'50',1,'/image/4.jpg','名称8'),(101,1,'标题9','2015.3.8-2015.3.9','地点9','6346609','局具体描述9',1,1,1,'50',1,'/image/5.jpg','名称9'),(102,1,'标题10','2015.3.8-2015.3.9','地点10','63466010','局具体描述10',1,1,1,'50',1,'/image/1.jpg','名称10'),(103,1,'标题11','2015.3.8-2015.3.9','地点11','63466011','局具体描述11',1,1,1,'50',1,'/image/2.jpg','名称11'),(104,1,'标题12','2015.3.8-2015.3.9','地点12','63466012','局具体描述12',1,1,1,'50',1,'/image/3.jpg','名称12'),(105,1,'标题13','2015.3.8-2015.3.9','地点13','63466013','局具体描述13',1,1,1,'50',1,'/image/4.jpg','名称13'),(106,1,'标题14','2015.3.8-2015.3.9','地点14','63466014','局具体描述14',1,1,1,'50',1,'/image/5.jpg','名称14'),(107,1,'标题15','2015.3.8-2015.3.9','地点15','63466015','局具体描述15',1,1,1,'50',1,'/image/1.jpg','名称15'),(108,1,'标题16','2015.3.8-2015.3.9','地点16','63466016','局具体描述16',1,1,1,'50',1,'/image/2.jpg','名称16'),(109,1,'标题17','2015.3.8-2015.3.9','地点17','63466017','局具体描述17',1,1,1,'50',1,'/image/3.jpg','名称17'),(110,1,'标题18','2015.3.8-2015.3.9','地点18','63466018','局具体描述18',1,1,1,'50',1,'/image/4.jpg','名称18'),(111,1,'标题19','2015.3.8-2015.3.9','地点19','63466019','局具体描述19',1,1,1,'50',1,'/image/5.jpg','名称19'),(112,1,'标题20','2015.3.8-2015.3.9','地点20','63466020','局具体描述20',1,1,1,'50',2,'/image/1.jpg','名称20'),(113,1,'标题21','2015.3.8-2015.3.9','地点21','63466021','局具体描述21',1,1,1,'50',1,'/image/2.jpg','名称21'),(114,1,'标题22','2015.3.8-2015.3.9','地点22','63466022','局具体描述22',1,1,1,'50',2,'/image/3.jpg','名称22'),(115,1,'标题23','2015.3.8-2015.3.9','地点23','63466023','局具体描述23',1,1,1,'50',2,'/image/4.jpg','名称23'),(116,1,'标题24','2015.3.8-2015.3.9','地点24','63466024','局具体描述24',1,1,1,'50',4,'/image/5.jpg','名称24'),(117,1,'标题0','2015.3.8-2015.3.9','地点0','6346600','局具体描述0',2,1,1,'50',1,'/image/1.jpg','名称0'),(118,1,'标题1','2015.3.8-2015.3.9','地点1','6346601','局具体描述1',2,1,1,'50',1,'/image/2.jpg','名称1'),(119,1,'标题2','2015.3.8-2015.3.9','地点2','6346602','局具体描述2',2,1,1,'50',1,'/image/3.jpg','名称2'),(120,1,'标题3','2015.3.8-2015.3.9','地点3','6346603','局具体描述3',2,1,1,'50',1,'/image/4.jpg','名称3'),(121,1,'标题4','2015.3.8-2015.3.9','地点4','6346604','局具体描述4',2,1,1,'50',1,'/image/5.jpg','名称4'),(122,1,'标题5','2015.3.8-2015.3.9','地点5','6346605','局具体描述5',2,1,1,'50',1,'/image/1.jpg','名称5'),(123,1,'标题6','2015.3.8-2015.3.9','地点6','6346606','局具体描述6',2,1,1,'50',1,'/image/2.jpg','名称6'),(124,1,'标题7','2015.3.8-2015.3.9','地点7','6346607','局具体描述7',2,1,1,'50',1,'/image/3.jpg','名称7'),(125,1,'标题8','2015.3.8-2015.3.9','地点8','6346608','局具体描述8',2,1,1,'50',1,'/image/4.jpg','名称8'),(126,1,'标题9','2015.3.8-2015.3.9','地点9','6346609','局具体描述9',2,1,1,'50',1,'/image/5.jpg','名称9'),(127,1,'标题10','2015.3.8-2015.3.9','地点10','63466010','局具体描述10',2,1,1,'50',1,'/image/1.jpg','名称10'),(128,1,'标题11','2015.3.8-2015.3.9','地点11','63466011','局具体描述11',2,1,1,'50',1,'/image/2.jpg','名称11'),(129,1,'标题12','2015.3.8-2015.3.9','地点12','63466012','局具体描述12',2,1,1,'50',1,'/image/3.jpg','名称12'),(130,1,'标题13','2015.3.8-2015.3.9','地点13','63466013','局具体描述13',2,1,1,'50',1,'/image/4.jpg','名称13'),(131,1,'标题14','2015.3.8-2015.3.9','地点14','63466014','局具体描述14',2,1,1,'50',1,'/image/5.jpg','名称14'),(132,1,'标题15','2015.3.8-2015.3.9','地点15','63466015','局具体描述15',2,1,1,'50',1,'/image/1.jpg','名称15'),(133,1,'标题16','2015.3.8-2015.3.9','地点16','63466016','局具体描述16',2,1,1,'50',1,'/image/2.jpg','名称16'),(134,1,'标题17','2015.3.8-2015.3.9','地点17','63466017','局具体描述17',2,1,1,'50',1,'/image/3.jpg','名称17'),(135,1,'标题18','2015.3.8-2015.3.9','地点18','63466018','局具体描述18',2,1,1,'50',1,'/image/4.jpg','名称18'),(136,1,'标题19','2015.3.8-2015.3.9','地点19','63466019','局具体描述19',2,1,1,'50',1,'/image/5.jpg','名称19'),(137,1,'标题20','2015.3.8-2015.3.9','地点20','63466020','局具体描述20',2,1,1,'50',1,'/image/1.jpg','名称20'),(138,1,'标题21','2015.3.8-2015.3.9','地点21','63466021','局具体描述21',2,1,1,'50',1,'/image/2.jpg','名称21'),(139,1,'标题22','2015.3.8-2015.3.9','地点22','63466022','局具体描述22',2,1,1,'50',1,'/image/3.jpg','名称22'),(140,1,'标题23','2015.3.8-2015.3.9','地点23','63466023','局具体描述23',2,1,1,'50',1,'/image/4.jpg','名称23'),(142,1,'标题50','2015.3.8-2015.3.9','地点50','63466050','局具体描述50',2,2,1,'50',1,'/image/1.jpg','名称50'),(143,1,'标题51','2015.3.8-2015.3.9','地点51','63466051','局具体描述51',2,2,1,'50',1,'/image/2.jpg','名称51'),(144,1,'标题52','2015.3.8-2015.3.9','地点52','63466052','局具体描述52',2,2,1,'50',1,'/image/3.jpg','名称52'),(145,1,'标题53','2015.3.8-2015.3.9','地点53','63466053','局具体描述53',2,2,1,'50',1,'/image/4.jpg','名称53'),(146,1,'标题54','2015.3.8-2015.3.9','地点54','63466054','局具体描述54',2,2,1,'50',1,'/image/5.jpg','名称54'),(147,1,'标题55','2015.3.8-2015.3.9','地点55','63466055','局具体描述55',2,2,1,'50',1,'/image/1.jpg','名称55'),(148,1,'标题56','2015.3.8-2015.3.9','地点56','63466056','局具体描述56',2,2,1,'50',1,'/image/2.jpg','名称56'),(149,1,'标题57','2015.3.8-2015.3.9','地点57','63466057','局具体描述57',2,2,1,'50',1,'/image/3.jpg','名称57'),(150,1,'标题58','2015.3.8-2015.3.9','地点58','63466058','局具体描述58',2,2,1,'50',1,'/image/4.jpg','名称58'),(151,1,'标题59','2015.3.8-2015.3.9','地点59','63466059','局具体描述59',2,2,1,'50',1,'/image/5.jpg','名称59'),(152,1,'标题60','2015.3.8-2015.3.9','地点60','63466060','局具体描述60',2,2,1,'50',1,'/image/1.jpg','名称60'),(153,1,'标题61','2015.3.8-2015.3.9','地点61','63466061','局具体描述61',2,2,1,'50',1,'/image/2.jpg','名称61'),(154,1,'标题62','2015.3.8-2015.3.9','地点62','63466062','局具体描述62',2,2,1,'50',1,'/image/3.jpg','名称62'),(155,1,'标题63','2015.3.8-2015.3.9','地点63','63466063','局具体描述63',2,2,1,'50',1,'/image/4.jpg','名称63'),(156,1,'标题64','2015.3.8-2015.3.9','地点64','63466064','局具体描述64',2,2,1,'50',1,'/image/5.jpg','名称64'),(157,1,'标题65','2015.3.8-2015.3.9','地点65','63466065','局具体描述65',2,2,1,'50',1,'/image/1.jpg','名称65'),(158,1,'标题66','2015.3.8-2015.3.9','地点66','63466066','局具体描述66',2,2,1,'50',1,'/image/2.jpg','名称66'),(159,1,'标题67','2015.3.8-2015.3.9','地点67','63466067','局具体描述67',2,2,1,'50',1,'/image/3.jpg','名称67'),(160,1,'标题68','2015.3.8-2015.3.9','地点68','63466068','局具体描述68',2,2,1,'50',1,'/image/4.jpg','名称68'),(161,1,'标题69','2015.3.8-2015.3.9','地点69','63466069','局具体描述69',2,2,1,'50',1,'/image/5.jpg','名称69'),(162,1,'标题70','2015.3.8-2015.3.9','地点70','63466070','局具体描述70',2,2,1,'50',1,'/image/1.jpg','名称70'),(163,1,'标题71','2015.3.8-2015.3.9','地点71','63466071','局具体描述71',2,2,1,'50',1,'/image/2.jpg','名称71'),(164,1,'标题72','2015.3.8-2015.3.9','地点72','63466072','局具体描述72',0,0,1,'0',1,'/image/head/142855242519818.png','王小明'),(165,1,'标题73','2015.3.8-2015.3.9','地点73','63466073','局具体描述73',0,0,1,'0',1,'/image/head/142850597338679.png','王小明'),(166,1,'112标题74','2015.3.8-2015.3.9','地点74','63466074','局具体描述74',0,0,1,'0',1,'/image/head/142786197122892.png','王小明'),(167,1,'22221111的啊多少','2015.3.5','去去去去','634660','啊是的撒的撒旦asdasd按时打算  ',0,0,1,'0',1,'/image/head/142848326896012.png','王小明'),(169,65,'客天下一日游','2015.3.20','客天下','634660(王浩明)','到时候包车过去，请的饿的的发而非而非',0,1,1,'10',6,'/image/head/142681313894716.png','yonghu1'),(170,1,'sdasda','asdasd','asd','asd','',0,0,1,'0',1,'/image/head/142755631612126.png','管理员'),(171,1,'Jdj','Fc','Dd','Dd','Uuu',0,0,1,'0',1,'/image/head/142846886288719.png','王小明'),(172,1,'班级聚餐活动','今天中午','牛黄书','来了来了','3鸡鸡鸡鸡鸡鸡鸡来了来了林佳林佳',0,1,1,'50',2,'/image/head/142875446656374.png','王小明'),(173,1,'班级烤肉活动','5.9中午12点开始到1点半','百花洲市场牛皇叔','666666(王小明)','由于最近牛皇叔搞活动，只要超过40人都可以打5折，所以求组队',2,1,1,'54',2,'/image/head/142880024868967.png','王小明');

#
# Structure for table "socialjoin"
#

DROP TABLE IF EXISTS `socialjoin`;
CREATE TABLE `socialjoin` (
  `Id` int(11) NOT NULL AUTO_INCREMENT,
  `socialid` int(11) DEFAULT '0' COMMENT '对应的实体id',
  `userid` int(11) DEFAULT '0' COMMENT '报名的用户id',
  `userhead` varchar(120) CHARACTER SET utf8 DEFAULT NULL COMMENT '用户头像',
  `udescription` varchar(255) CHARACTER SET utf8 DEFAULT NULL COMMENT '用户说明',
  `usernum` varchar(40) CHARACTER SET utf8 DEFAULT NULL COMMENT '用户短号',
  `uname` varchar(40) COLLATE utf8_unicode_ci DEFAULT NULL COMMENT '用户名称',
  PRIMARY KEY (`Id`)
) ENGINE=InnoDB AUTO_INCREMENT=4 DEFAULT CHARSET=utf8 COLLATE=utf8_unicode_ci;

#
# Data for table "socialjoin"
#

INSERT INTO `socialjoin` VALUES (2,173,1,'/image/head/142905591384214.png','Fighting……','634660','admin'),(3,173,104,'/image/143000500517872.jpg','首都师大','634666','wanghaoming');

#
# Structure for table "topline"
#

DROP TABLE IF EXISTS `topline`;
CREATE TABLE `topline` (
  `Id` int(11) NOT NULL AUTO_INCREMENT,
  `title` varchar(120) CHARACTER SET utf8 DEFAULT NULL,
  `pic` varchar(120) CHARACTER SET utf8 DEFAULT NULL,
  `url` varchar(80) CHARACTER SET utf8 DEFAULT NULL,
  `type` int(5) DEFAULT NULL COMMENT '1-图片头条 2-校园公告',
  PRIMARY KEY (`Id`)
) ENGINE=InnoDB AUTO_INCREMENT=7 DEFAULT CHARSET=utf8 COLLATE=utf8_unicode_ci;

#
# Data for table "topline"
#

INSERT INTO `topline` VALUES (1,'东区移动营业厅正式开业啦','/image/1.jpg','www.baidu.com',1),(2,'学校后山发现珍贵物种','/image/142776875666645.jpg','www.youku.com',1),(3,'南区于明天停水通知',NULL,'www.56.com',2),(4,'学校将于10月5号进行全校性消毒处理',NULL,'www.cctv.com',2),(5,'关于转发《关于印发<2015年广东省国防教育工作要点>的通知》的通知',NULL,'www.baidu.com',2),(6,'讲座通知',NULL,NULL,2);

#
# Structure for table "user"
#

DROP TABLE IF EXISTS `user`;
CREATE TABLE `user` (
  `Id` int(11) NOT NULL AUTO_INCREMENT,
  `username` varchar(80) NOT NULL DEFAULT '',
  `password` varchar(80) NOT NULL DEFAULT '',
  `pic` varchar(255) DEFAULT NULL,
  `name` varchar(120) DEFAULT NULL,
  `picture` varchar(120) DEFAULT NULL,
  `tname` varchar(120) DEFAULT NULL COMMENT '真实姓名',
  `hobit` varchar(255) DEFAULT NULL COMMENT '爱好',
  `snum` int(11) DEFAULT NULL COMMENT '短号',
  `sex` int(11) DEFAULT '1' COMMENT '1-男  2-女',
  `love` int(11) DEFAULT '1' COMMENT '1-单身，2-恋爱中，3-保密',
  `description` varchar(255) DEFAULT NULL COMMENT '个性签名',
  PRIMARY KEY (`Id`)
) ENGINE=InnoDB AUTO_INCREMENT=106 DEFAULT CHARSET=utf8;

#
# Data for table "user"
#

INSERT INTO `user` VALUES (1,'admin','admin','/image/head/142905591384214.png','王小明',NULL,'王浩明x','很多很多 管理你们',634660,1,1,'Fighting……'),(2,'bb','bb','/image/1.jpg','比比',NULL,NULL,NULL,NULL,1,1,NULL),(3,'admin1','admin1','/image/1.jpg','管理员1',NULL,NULL,NULL,NULL,1,1,NULL),(64,'yonghu0','0','/image/1.jpg','里面名字0','/image1.jpg','真实名字0','吸取爱好0',634000,1,1,'个性签名0'),(65,'yonghu1','1','/image/head/142681304534140.png','里面名字1','/image2.jpg','真实名字1','吸取爱好1',634001,1,1,'个性签名1'),(66,'yonghu2','2','/image/3.jpg','里面名字2','/image3.jpg','真实名字2','吸取爱好2',634002,1,1,'个性签名2'),(67,'yonghu3','3','/image/4.jpg','里面名字3','/image4.jpg','真实名字3','吸取爱好3',634003,1,1,'个性签名3'),(68,'yonghu4','4','/image/5.jpg','里面名字4','/image1.jpg','真实名字4','吸取爱好4',634004,1,1,'个性签名4'),(69,'yonghu5','5','/image/1.jpg','里面名字5','/image2.jpg','真实名字5','吸取爱好5',634005,1,1,'个性签名5'),(70,'yonghu6','6','/image/2.jpg','里面名字6','/image3.jpg','真实名字6','吸取爱好6',634006,1,1,'个性签名6'),(71,'yonghu7','7','/image/3.jpg','里面名字7','/image4.jpg','真实名字7','吸取爱好7',634007,1,1,'个性签名7'),(72,'yonghu8','8','/image/4.jpg','里面名字8','/image1.jpg','真实名字8','吸取爱好8',634008,1,1,'个性签名8'),(73,'yonghu9','9','/image/5.jpg','里面名字9','/image2.jpg','真实名字9','吸取爱好9',634009,1,1,'个性签名9'),(74,'yonghu10','10','/image/1.jpg','里面名字10','/image3.jpg','真实名字10','吸取爱好10',634010,1,1,'个性签名10'),(75,'yonghu11','11','/image/2.jpg','里面名字11','/image4.jpg','真实名字11','吸取爱好11',634011,1,1,'个性签名11'),(76,'yonghu12','12','/image/3.jpg','里面名字12','/image1.jpg','真实名字12','吸取爱好12',634012,1,1,'个性签名12'),(77,'yonghu13','13','/image/4.jpg','里面名字13','/image2.jpg','真实名字13','吸取爱好13',634013,1,1,'个性签名13'),(78,'yonghu14','14','/image/5.jpg','里面名字14','/image3.jpg','真实名字14','吸取爱好14',634014,1,1,'个性签名14'),(79,'yonghu15','15','/image/1.jpg','里面名字15','/image4.jpg','真实名字15','吸取爱好15',634015,1,1,'个性签名15'),(80,'yonghu16','16','/image/2.jpg','里面名字16','/image1.jpg','真实名字16','吸取爱好16',634016,1,1,'个性签名16'),(81,'yonghu17','17','/image/3.jpg','里面名字17','/image2.jpg','真实名字17','吸取爱好17',634017,1,1,'个性签名17'),(82,'yonghu18','18','/image/4.jpg','里面名字18','/image3.jpg','真实名字18','吸取爱好18',634018,1,1,'个性签名18'),(83,'yonghu19','19','/image/5.jpg','里面名字19','/image4.jpg','真实名字19','吸取爱好19',634019,1,1,'个性签名19'),(84,'yonghu20','20','/image/1.jpg','里面名字20','/image1.jpg','真实名字20','吸取爱好20',634020,1,1,'个性签名20'),(85,'yonghu21','21','/image/2.jpg','里面名字21','/image2.jpg','真实名字21','吸取爱好21',634021,1,1,'个性签名21'),(86,'yonghu22','22','/image/3.jpg','里面名字22','/image3.jpg','真实名字22','吸取爱好22',634022,1,1,'个性签名22'),(87,'yonghu23','23','/image/4.jpg','里面名字23','/image4.jpg','真实名字23','吸取爱好23',634023,1,1,'个性签名23'),(88,'yonghu24','24','/image/5.jpg','里面名字24','/image1.jpg','真实名字24','吸取爱好24',634024,1,1,'个性签名24'),(89,'yonghu25','25','/image/1.jpg','里面名字25','/image2.jpg','真实名字25','吸取爱好25',634025,1,1,'个性签名25'),(90,'yonghu26','26','/image/2.jpg','里面名字26','/image3.jpg','真实名字26','吸取爱好26',634026,1,1,'个性签名26'),(91,'yonghu27','27','/image/3.jpg','里面名字27','/image4.jpg','真实名字27','吸取爱好27',634027,1,1,'个性签名27'),(92,'yonghu28','28','/image/4.jpg','里面名字28','/image1.jpg','真实名字28','吸取爱好28',634028,1,1,'个性签名28'),(93,'yonghu29','29','/image/5.jpg','里面名字29','/image2.jpg','真实名字29','吸取爱好29',634029,1,1,'个性签名29'),(94,'admin1','1',NULL,NULL,NULL,NULL,NULL,NULL,1,1,NULL),(95,'积极','8764513','','刺激了',NULL,NULL,NULL,NULL,1,1,NULL),(96,'97','','/image/head/142781936008989.png','好几个月',NULL,'几级了','民工',634660,1,1,'民工'),(97,'Hdndnjd','Hdhhd','/image/142781979943572.jpg','Hdhdjjd',NULL,NULL,NULL,NULL,1,1,NULL),(98,'Mf','Hd','/image/142840436624630.jpg','Hd',NULL,NULL,NULL,NULL,1,1,NULL),(99,'Haja','Bbx','/image/142848315129275.jpg','Jdnd',NULL,NULL,NULL,NULL,1,1,NULL),(100,'Hdbd','Bsbs','/image/head/142848320820671.png','Hbs',NULL,NULL,NULL,NULL,1,1,NULL),(101,'','','/image/142875308197663.jpg','',NULL,NULL,NULL,NULL,1,1,NULL),(102,'wangxiaoming','admin','/image/142905830079210.jpg','王妮妹',NULL,NULL,NULL,NULL,1,1,NULL),(103,'随便','546','/image/14297206220734.jpg','啊哈哈',NULL,NULL,NULL,NULL,1,1,NULL),(104,'wanghaoming','987987987','/image/143000500517872.jpg','计算机1305',NULL,'王二小',NULL,634666,1,1,'首都师大'),(105,'kongyuanpeng','123456','/image/143003944373892.jpg','孔苑鹏',NULL,'孔苑',NULL,634678,1,1,'好的');

#
# Structure for table "ptjob"
#

DROP TABLE IF EXISTS `ptjob`;
CREATE TABLE `ptjob` (
  `Id` int(11) NOT NULL AUTO_INCREMENT,
  `userid` int(11) NOT NULL DEFAULT '0',
  `description` varchar(255) NOT NULL DEFAULT '这是一份兼职',
  `data` varchar(120) NOT NULL DEFAULT '2015.1.1',
  `title` varchar(120) NOT NULL DEFAULT '标题',
  PRIMARY KEY (`Id`),
  KEY `userid` (`userid`),
  CONSTRAINT `ptjob_ibfk_1` FOREIGN KEY (`userid`) REFERENCES `user` (`Id`)
) ENGINE=InnoDB AUTO_INCREMENT=6 DEFAULT CHARSET=utf8;

#
# Data for table "ptjob"
#

INSERT INTO `ptjob` VALUES (1,1,'嘉园路十一asd按时打算的啊','2015.1.1 12:00','急需尼玛份兼职'),(3,1,'嘉园路十一asd按时打算的啊','2015.1.1 12:00','急需一份兼职'),(4,1,'哪哪哪需要一份兼职','发噶不是件105240','急需兼职'),(5,1,'哪哪哪需要一份兼职','发噶不是件105240','急需兼职');
